launch_id,payload_id
5eb87cd9ffd86e000604b32a,5eb0e4b5b6c3bb0006eeb1e1
5eb87cdaffd86e000604b32b,5eb0e4b6b6c3bb0006eeb1e2
5eb87cdbffd86e000604b32c,5eb0e4b6b6c3bb0006eeb1e3
5eb87cdbffd86e000604b32c,5eb0e4b6b6c3bb0006eeb1e4
5eb87cdbffd86e000604b32d,5eb0e4b7b6c3bb0006eeb1e5
5eb87cdcffd86e000604b32e,5eb0e4b7b6c3bb0006eeb1e6
5eb87cddffd86e000604b32f,5eb0e4b7b6c3bb0006eeb1e7
5eb87cdeffd86e000604b330,5eb0e4b9b6c3bb0006eeb1e8
5eb87cdeffd86e000604b330,5eb0e4b9b6c3bb0006eeb1e9
5eb87cdfffd86e000604b331,5eb0e4bab6c3bb0006eeb1ea
5eb87ce0ffd86e000604b332,5eb0e4bab6c3bb0006eeb1eb
5eb87ce0ffd86e000604b332,5eb0e4bab6c3bb0006eeb1ec
5eb87ce1ffd86e000604b333,5eb0e4bbb6c3bb0006eeb1ed
5eb87ce1ffd86e000604b334,5eb0e4bbb6c3bb0006eeb1ee
5eb87ce2ffd86e000604b335,5eb0e4bbb6c3bb0006eeb1ef
5eb87ce3ffd86e000604b336,5eb0e4bbb6c3bb0006eeb1f0
5eb87ce4ffd86e000604b337,5eb0e4bbb6c3bb0006eeb1f1
5eb87ce4ffd86e000604b338,5eb0e4bcb6c3bb0006eeb1f2
5eb87ce5ffd86e000604b339,5eb0e4bcb6c3bb0006eeb1f3
5eb87ce6ffd86e000604b33a,5eb0e4bcb6c3bb0006eeb1f4
5eb87ce7ffd86e000604b33b,5eb0e4bcb6c3bb0006eeb1f5
5eb87ce8ffd86e000604b33c,5eb0e4bdb6c3bb0006eeb1f6
5eb87ceaffd86e000604b33d,5eb0e4bdb6c3bb0006eeb1f7
5eb87ceaffd86e000604b33e,5eb0e4bdb6c3bb0006eeb1f8
5eb87ceaffd86e000604b33e,5eb0e4bdb6c3bb0006eeb1f9
5eb87cecffd86e000604b33f,5eb0e4bdb6c3bb0006eeb1fa
5eb87cedffd86e000604b340,5eb0e4beb6c3bb0006eeb1fb
5eb87ceeffd86e000604b341,5eb0e4beb6c3bb0006eeb1fc
5eb87cefffd86e000604b342,5eb0e4beb6c3bb0006eeb1fd
5eb87cf0ffd86e000604b343,5eb0e4beb6c3bb0006eeb1fe
5eb87cf2ffd86e000604b344,5eb0e4beb6c3bb0006eeb1ff
5eb87cf3ffd86e000604b345,5eb0e4bfb6c3bb0006eeb200
5eb87cf5ffd86e000604b346,5eb0e4bfb6c3bb0006eeb201
5eb87cf6ffd86e000604b347,5eb0e4bfb6c3bb0006eeb202
5eb87cf8ffd86e000604b348,5eb0e4bfb6c3bb0006eeb203
5eb87cf8ffd86e000604b348,5eb0e4bfb6c3bb0006eeb204
5eb87cf9ffd86e000604b349,5eb0e4c0b6c3bb0006eeb205
5eb87cfaffd86e000604b34a,5eb0e4c1b6c3bb0006eeb206
5eb87cfbffd86e000604b34b,5eb0e4c1b6c3bb0006eeb207
5eb87cfdffd86e000604b34c,5eb0e4c2b6c3bb0006eeb208
5eb87cfeffd86e000604b34d,5eb0e4c3b6c3bb0006eeb209
5eb87cfeffd86e000604b34e,5eb0e4c3b6c3bb0006eeb20a
5eb87d00ffd86e000604b34f,5eb0e4c3b6c3bb0006eeb20b
5eb87d01ffd86e000604b350,5eb0e4c3b6c3bb0006eeb20c
5eb87d01ffd86e000604b351,5eb0e4c3b6c3bb0006eeb20d
5eb87d03ffd86e000604b352,5eb0e4c4b6c3bb0006eeb20e
5eb87d04ffd86e000604b353,5eb0e4c4b6c3bb0006eeb20f
5eb87d05ffd86e000604b354,5eb0e4c4b6c3bb0006eeb210
5eb87d06ffd86e000604b355,5eb0e4c4b6c3bb0006eeb211
5eb87d07ffd86e000604b356,5eb0e4c4b6c3bb0006eeb212
5eb87d08ffd86e000604b357,5eb0e4c4b6c3bb0006eeb213
5eb87d09ffd86e000604b358,5eb0e4c5b6c3bb0006eeb214
5eb87d0affd86e000604b359,5eb0e4c5b6c3bb0006eeb215
5eb87d0cffd86e000604b35a,5eb0e4c5b6c3bb0006eeb216
5eb87d0dffd86e000604b35b,5eb0e4c5b6c3bb0006eeb217
5eb87d0effd86e000604b35c,5eb0e4c5b6c3bb0006eeb218
5eb87d0fffd86e000604b35d,5eb0e4c6b6c3bb0006eeb219
5eb87d10ffd86e000604b35e,5eb0e4c6b6c3bb0006eeb21a
5eb87d11ffd86e000604b35f,5eb0e4c6b6c3bb0006eeb21b
5eb87d13ffd86e000604b360,5eb0e4c6b6c3bb0006eeb21c
5eb87d14ffd86e000604b361,5eb0e4c6b6c3bb0006eeb21d
5eb87d14ffd86e000604b361,5eb0e4c6b6c3bb0006eeb21e
5eb87d15ffd86e000604b362,5eb0e4c7b6c3bb0006eeb21f
5eb87d16ffd86e000604b363,5eb0e4c7b6c3bb0006eeb220
5eb87d16ffd86e000604b364,5eb0e4c7b6c3bb0006eeb221
5eb87d18ffd86e000604b365,5eb0e4c7b6c3bb0006eeb222
5eb87d19ffd86e000604b366,5eb0e4c7b6c3bb0006eeb223
5eb87d1affd86e000604b367,5eb0e4c7b6c3bb0006eeb224
5eb87d1affd86e000604b367,5eb0e4c8b6c3bb0006eeb225
5eb87d1bffd86e000604b368,5eb0e4c8b6c3bb0006eeb226
5eb87d1cffd86e000604b369,5eb0e4c8b6c3bb0006eeb227
5eb87d1effd86e000604b36a,5eb0e4c8b6c3bb0006eeb228
5eb87d1fffd86e000604b36b,5eb0e4c9b6c3bb0006eeb229
5eb87d20ffd86e000604b36c,5eb0e4c9b6c3bb0006eeb22a
5eb87d22ffd86e000604b36d,5eb0e4c9b6c3bb0006eeb22b
5eb87d23ffd86e000604b36e,5eb0e4c9b6c3bb0006eeb22c
5eb87d24ffd86e000604b36f,5eb0e4c9b6c3bb0006eeb22d
5eb87d25ffd86e000604b370,5eb0e4c9b6c3bb0006eeb22e
5eb87d26ffd86e000604b371,5eb0e4cab6c3bb0006eeb22f
5eb87d27ffd86e000604b372,5eb0e4cab6c3bb0006eeb230
5eb87d28ffd86e000604b373,5eb0e4cab6c3bb0006eeb231
5eb87d2affd86e000604b374,5eb0e4cab6c3bb0006eeb232
5eb87d2affd86e000604b374,5eb0e4cab6c3bb0006eeb233
5eb87d2affd86e000604b374,5eb0e4cab6c3bb0006eeb234
5eb87d2bffd86e000604b375,5eb0e4cbb6c3bb0006eeb235
5eb87d2dffd86e000604b376,5eb0e4cbb6c3bb0006eeb236
5eb87d2effd86e000604b377,5eb0e4cbb6c3bb0006eeb237
5eb87d30ffd86e000604b378,5eb0e4cbb6c3bb0006eeb238
5eb87d31ffd86e000604b379,5eb0e4ccb6c3bb0006eeb239
5eb87d35ffd86e000604b37a,5eb0e4ccb6c3bb0006eeb23a
5eb87d35ffd86e000604b37a,5eb0e4ccb6c3bb0006eeb23b
5eb87d35ffd86e000604b37a,5eb0e4ccb6c3bb0006eeb23c
5eb87d35ffd86e000604b37a,5eb0e4ccb6c3bb0006eeb23d
5eb87d35ffd86e000604b37a,5eb0e4ccb6c3bb0006eeb23e
5eb87d35ffd86e000604b37a,5eb0e4cdb6c3bb0006eeb23f
5eb87d35ffd86e000604b37a,5eb0e4cdb6c3bb0006eeb240
5eb87d35ffd86e000604b37a,5eb0e4cdb6c3bb0006eeb241
5eb87d35ffd86e000604b37a,5eb0e4cdb6c3bb0006eeb242
5eb87d35ffd86e000604b37a,5eb0e4cdb6c3bb0006eeb243
5eb87d35ffd86e000604b37a,5eb0e4cdb6c3bb0006eeb244
5eb87d35ffd86e000604b37a,5eb0e4cdb6c3bb0006eeb245
5eb87d35ffd86e000604b37a,5eb0e4ceb6c3bb0006eeb246
5eb87d35ffd86e000604b37a,5eb0e4ceb6c3bb0006eeb247
5eb87d35ffd86e000604b37a,5eb0e4ceb6c3bb0006eeb248
5eb87d35ffd86e000604b37a,5eb0e4ceb6c3bb0006eeb249
5eb87d36ffd86e000604b37b,5eb0e4ceb6c3bb0006eeb24a
5eb87d37ffd86e000604b37c,5eb0e4cfb6c3bb0006eeb24b
5eb87d39ffd86e000604b37d,5eb0e4cfb6c3bb0006eeb24c
5eb87d39ffd86e000604b37e,5eb0e4cfb6c3bb0006eeb24d
5eb87d3bffd86e000604b37f,5eb0e4cfb6c3bb0006eeb24e
5eb87d3cffd86e000604b380,5eb0e4cfb6c3bb0006eeb24f
5eb87d3dffd86e000604b381,5eb0e4d0b6c3bb0006eeb250
5eb87d3fffd86e000604b382,5eb0e4d0b6c3bb0006eeb251
5eb87d41ffd86e000604b383,5eb0e4d0b6c3bb0006eeb252
5eb87d42ffd86e000604b384,5eb0e4d0b6c3bb0006eeb253
5eb87d43ffd86e000604b385,5eb0e4d0b6c3bb0006eeb254
5eb87d44ffd86e000604b386,5eb0e4d1b6c3bb0006eeb255
5eb87d46ffd86e000604b388,5eb0e4d1b6c3bb0006eeb257
5eb87d45ffd86e000604b387,5eb0e4d1b6c3bb0006eeb256
5eb87d46ffd86e000604b389,5eb0e4d1b6c3bb0006eeb258
5eb87d4affd86e000604b38b,5eb0e4d2b6c3bb0006eeb25c
5eb87d50ffd86e000604b394,5eb0e4d2b6c3bb0006eeb25b
5ed9819a1f30554030d45c29,5ed9858b1f30554030d45c3e
5ed9819a1f30554030d45c29,5ee522e32f1f3d474c758123
5ed981d91f30554030d45c2a,5ed9859f1f30554030d45c3f
5eb87d47ffd86e000604b38a,5eb0e4d1b6c3bb0006eeb259
5ef6a1e90059c33cee4a828a,5ef6a4600059c33cee4a829e
5ef6a2090059c33cee4a828b,5ef6a48e0059c33cee4a829f
5ef6a2bf0059c33cee4a828c,5ef6a4d50059c33cee4a82a1
5ef6a2e70059c33cee4a8293,5ef6a4ea0059c33cee4a82a2
5eb87d4cffd86e000604b38d,5eb0e4d2b6c3bb0006eeb25e
5eb87d4dffd86e000604b38e,5eb0e4d2b6c3bb0006eeb25f
5ed983aa1f30554030d45c31,5ed9867c1f30554030d45c40
5fb95b3f3a88ae63c954603c,5fb95c263a88ae63c9546044
5eb87d4effd86e000604b391,5eb0e4d3b6c3bb0006eeb262
5eb87d4bffd86e000604b38c,5eb0e4d2b6c3bb0006eeb25d
5f8399fb818d8b59f5740d43,5f839ac7818d8b59f5740d48
5eb87d4fffd86e000604b393,5eb0e4d3b6c3bb0006eeb264
5fbfecce54ceb10a5664c80a,5fbfedba54ceb10a5664c813
5fd386aa7faea57d297c86c1,5fd3871a7faea57d297c86c6
5ff6554f9257f579ee3a6c5f,5ff655769257f579ee3a6c64
600f9a5e8f798e2a4d5f979c,600f9bc08f798e2a4d5f97a4
5fbfecfe54ceb10a5664c80b,5fbfedc654ceb10a5664c814
600f9a718f798e2a4d5f979d,600f9bcb8f798e2a4d5f97a5
600f9a8d8f798e2a4d5f979e,600f9bd88f798e2a4d5f97a6
60428aafc041c16716f73cd7,60428afbc041c16716f73cdd
60428ac4c041c16716f73cd8,60428b02c041c16716f73cde
5fe3af58b3467846b324215f,5fe3b3adb3467846b3242173
605b4b6aaa5433645e37d03f,605b4be3aa5433645e37d046
605b4b7daa5433645e37d040,605b4befaa5433645e37d047
6079bd1c9a06446e8c61bf76,6079bd5e9a06446e8c61bf7c
605b4b95aa5433645e37d041,605b4bfcaa5433645e37d048
605b4b95aa5433645e37d041,609f48374a12e4692eae4667
605b4b95aa5433645e37d041,609f49c64a12e4692eae4668
6079bd399a06446e8c61bf77,6079bd679a06446e8c61bf7d
5fe3af84b3467846b3242161,5fe3b642b3467846b324217b
5fe3af6db3467846b3242160,5fe3b57db3467846b324217a
5eb87d4effd86e000604b390,5eb0e4d2b6c3bb0006eeb261
600f9b6d8f798e2a4d5f979f,608ac397eb3e50044e3630e7
5fe3b11eb3467846b324216c,5fe3c4f2b3467846b3242193
60e3bf0d73359e1e20335c37,60e3bf3373359e1e20335c3c
607a37565a906a44023e0866,607a382f5a906a44023e0867
5fe3b15eb3467846b324216d,5fe3b3bab3467846b3242174
618faad2563d69573ed8ca9d,618fabf0563d69573ed8caa6
5fe3b107b3467846b324216b,5fe3c4a6b3467846b3242192
6161c94c6db1a92bfba85349,6161d0f26db1a92bfba85355
6161c88d6db1a92bfba85348,61c1f395a4a2462678cbf46e
61bba806437241381bf7061e,61bbac16437241381bf70632
5fe3afc1b3467846b3242164,5fe3c080b3467846b3242190
6161d2006db1a92bfba85356,6161d22a6db1a92bfba85357
61d5eca1f88e4c5fc91f1eb7,61d5ece4f88e4c5fc91f1ebb
61bf3e31cd5ab50b0d936345,6175aaacefa4314085aa9c56
61e048bbbe8d8b66799018d0,61e05516be8d8b66799018d4
6161d32d6db1a92bfba85359,6161d3a06db1a92bfba8535a
607a34e35a906a44023e085e,6175aaacefa4314085aa9c56
61e048ffbe8d8b66799018d1,61e05520be8d8b66799018d5
61fc01dae0dc5662b76489a7,61fc02e1e0dc5662b76489b4
61fc0203e0dc5662b76489a8,61fc0334e0dc5662b76489b5
61fc0224e0dc5662b76489ab,61fc0379e0dc5662b76489b6
61fc0243e0dc5662b76489ae,61fc0382e0dc5662b76489b7
6234908cf051102e1fcedac4,623491e5f051102e1fcedac9
6243ad8baf52800c6e919252,6243af62af52800c6e919260
61eefaa89eb1064137a1bd73,61eefb129eb1064137a1bd74
6243adcaaf52800c6e919254,6243b036af52800c6e919262
6243ada6af52800c6e919253,6243af9faf52800c6e919261
6243ade2af52800c6e919255,6243b1cdaf52800c6e919265
62582a6f5988f159024b964b,62582aa55988f159024b964d
62582a855988f159024b964c,62582aad5988f159024b964e
6258290d5988f159024b9644,625829d75988f159024b9649
625828f25988f159024b9643,625829cf5988f159024b9648
62615ebc0ec008379be596fa,62615ee40ec008379be596fd
6243ae24af52800c6e919258,6243b39daf52800c6e919267
6243ae0aaf52800c6e919257,6243b286af52800c6e919266
6278481757b51b752c5c5a5f,6278484e57b51b752c5c5a63
5fe3af43b3467846b324215e,5fe3b2abb3467846b3242172
62a9f08b20413d2695d88711,62adecbcd26f4f711fa53848
6243aea5af52800c6e91925c,6243b93caf52800c6e91926f
62a9f0c920413d2695d88712,630bccc6d36448026ab01639
62a9f0e320413d2695d88713,630bccd6d36448026ab0163a
6243ae40af52800c6e919259,6243b835af52800c6e91926d
62a9f0f820413d2695d88714,630bce10d36448026ab0163b
62a9f10b20413d2695d88715,630bce49d36448026ab0163c
62a9f12820413d2695d88716,630bce79d36448026ab0163d
62a9f86420413d2695d88719,630bcfe1d36448026ab01641
62a9f8b320413d2695d8871b,630bcea1d36448026ab0163e
62f3b4ff0f55c50e192a4e6b,630bceb8d36448026ab01640
62f3b5200f55c50e192a4e6c,630bceadd36448026ab0163f
62f3b5290f55c50e192a4e6d,631614d7ffc78f3b85670716
62f3b53a0f55c50e192a4e6f,630f63bf18702d4844fb5391
62f3b5330f55c50e192a4e6e,631614e9ffc78f3b85670717
62f3b5330f55c50e192a4e6e,631617fbffc78f3b8567071d
62a9f89a20413d2695d8871a,63161610ffc78f3b85670718
62a9f89a20413d2695d8871a,63161872ffc78f3b8567071e
63161329ffc78f3b8567070b,63161699ffc78f3b85670719
63161339ffc78f3b8567070c,631616a7ffc78f3b8567071a
62dd70d5202306255024d139,62dd73ed202306255024d145
